Method,RMSE (CV),R² (CV),Sparsity (#≠0)
LassoCV,0.4707436244688351,0.7024863840744533,41
ElasticNetCV,0.49080144956090804,0.6502077842380355,161
RidgeCV,0.5271967359903031,0.6107729150814614,4088
