Method,RMSE (CV),R² (CV),Sparsity (#≠0)
ElasticNetCV,0.4928489902646616,0.648889856910322,158
RidgeCV,0.5271967359903031,0.6107729150814614,4088
LassoCV,0.586419475377324,0.3834346764709569,69
